{
  "search_config": {
    "initial_samples": 1500,
    "refinement_rounds": 10,
    "elite_count": 30,
    "local_samples_per_elite": 60,
    "min_feasible_designs": 50,
    "excess_fos_weight": 0.0,
    "underutilization_weight": 0.0,
    "uniformity_weight": 0.0,
    "symmetry_weight": 0.0,
    "smoothness_weight": 0.0,
    "envelope_stress_floor_ratio": 0.15,
    "uniformity_case": "all",
    "uniformity_x_min_in": null,
    "uniformity_x_max_in": null,
    "mirror_profile": true,
    "seed": 2440
  },
  "constraint_config": {
    "min_factor_of_safety": 1.5,
    "max_deflection_in": null
  },
  "durability_config": {
    "min_web_ligament_in": 0.062,
    "min_shell_area_ratio": 0.04,
    "max_height_ratio": 10.0,
    "max_width_ratio": 10.0,
    "max_dim_slope_in_per_in": 0.8,
    "stress_concentration_limit": 25.0
  },
  "geometry": {
    "span_in": 8.0,
    "total_length_in": 9.0,
    "support_a_x_in": 0.5,
    "support_b_x_in": 8.5,
    "left_width_in": 0.22,
    "mid_width_in": 0.46151696888804844,
    "right_width_in": 0.22,
    "left_height_in": 0.4467482428088618,
    "mid_height_in": 0.9585660519323504,
    "right_height_in": 0.4467482428088618,
    "wall_thickness_in": 0.04,
    "left_web_opening_ratio": 0.5938811799035446,
    "mid_web_opening_ratio": 0.526143409433566,
    "right_web_opening_ratio": 0.5938811799035446
  },
  "metrics": {
    "weight_lbf": 0.020010534820099835,
    "min_factor_of_safety": 1.5172322924839783,
    "max_deflection_in": 0.12019948001294008,
    "governing_load_case": "Load Case 2",
    "governing_x_in": 8.5,
    "feasible": true,
    "objective": 0.02001053569527189,
    "penalty": 0.0,
    "uniformity_score": 0.34544790203123593,
    "symmetry_score": 1.4347696945169154e-06,
    "smoothness_score": 0.051092564736660656,
    "durability_score": 0.0,
    "constraint_violations": [],
    "rank_score": 0.020010534820099835,
    "fos_3to7_mean": 2.256590551495084,
    "fos_3to7_std": 0.5249615717094367,
    "fos_3to7_range": 1.2345597133235577,
    "fos_3to7_min": 1.6529106639819753,
    "fos_3to7_max": 2.887470377305533,
    "min_print_web_ligament_in": 0.07447168182099163,
    "min_shell_area_ratio": 0.15874180809953573,
    "max_web_opening_ratio": 0.5938811799035446,
    "max_dim_slope_in_per_in": 0.11373729091636164
  },
  "load_cases": [
    {
      "name": "Load Case 1",
      "orientation": "upright",
      "load_lbf": 5.0,
      "location_in": 4.0,
      "reaction_a_lbf": 2.5,
      "reaction_b_lbf": 2.5,
      "max_von_mises_psi": 435.15441409602215,
      "max_von_mises_x_in": 5.248125,
      "min_factor_of_safety": 5.469322895285681,
      "min_factor_of_safety_x_in": 5.248125,
      "max_deflection_in": 0.025176798641931203,
      "max_deflection_x_in": 4.5,
      "max_slope_rad": 0.011539407103621727
    },
    {
      "name": "Load Case 2",
      "orientation": "side",
      "load_lbf": 8.0,
      "location_in": 5.0,
      "reaction_a_lbf": 3.0,
      "reaction_b_lbf": 5.0,
      "max_von_mises_psi": 1568.6457583258514,
      "max_von_mises_x_in": 8.5,
      "min_factor_of_safety": 1.5172322924839783,
      "min_factor_of_safety_x_in": 8.5,
      "max_deflection_in": 0.12019948001294008,
      "max_deflection_x_in": 4.9781249999999995,
      "max_slope_rad": 0.06232245158589562
    }
  ]
}