{
  "search_config": {
    "initial_samples": 1200,
    "refinement_rounds": 8,
    "elite_count": 30,
    "local_samples_per_elite": 60,
    "min_feasible_designs": 40,
    "excess_fos_weight": 0.02,
    "underutilization_weight": 0.6,
    "uniformity_weight": 0.0,
    "symmetry_weight": 0.0,
    "smoothness_weight": 0.0,
    "envelope_stress_floor_ratio": 0.15,
    "uniformity_case": "all",
    "uniformity_x_min_in": null,
    "uniformity_x_max_in": null,
    "mirror_profile": false,
    "seed": 2430
  },
  "constraint_config": {
    "min_factor_of_safety": 1.5,
    "max_deflection_in": null
  },
  "durability_config": {
    "min_web_ligament_in": 0.062,
    "min_shell_area_ratio": 0.05,
    "max_height_ratio": 8.0,
    "max_width_ratio": 8.0,
    "max_dim_slope_in_per_in": 0.6,
    "stress_concentration_limit": 20.0
  },
  "geometry": {
    "span_in": 8.0,
    "total_length_in": 9.0,
    "support_a_x_in": 0.5,
    "support_b_x_in": 8.5,
    "left_width_in": 0.22665376851166083,
    "mid_width_in": 0.4628615706568796,
    "right_width_in": 0.4987164550239558,
    "left_height_in": 0.5450183232474838,
    "mid_height_in": 0.6384300050575316,
    "right_height_in": 0.3535743794168781,
    "wall_thickness_in": 0.04,
    "left_web_opening_ratio": 0.5391690139357728,
    "mid_web_opening_ratio": 0.6021918835128617,
    "right_web_opening_ratio": 0.47885110300369566
  },
  "metrics": {
    "weight_lbf": 0.019974040734204224,
    "min_factor_of_safety": 1.511651737050785,
    "max_deflection_in": 0.12337191663890025,
    "governing_load_case": "Load Case 2",
    "governing_x_in": 5.5,
    "feasible": true,
    "objective": 0.11076638701166105,
    "penalty": 0.0,
    "uniformity_score": 0.29441739379640514,
    "symmetry_score": 0.1883282786469268,
    "smoothness_score": 0.015889526898025048,
    "durability_score": 0.0,
    "constraint_violations": [],
    "rank_score": 0.019974040734204224,
    "fos_3to7_mean": 1.969750079033134,
    "fos_3to7_std": 0.22931482431376066,
    "fos_3to7_range": 0.8957082295466838,
    "fos_3to7_min": 1.511651737050785,
    "fos_3to7_max": 2.4073599665974688,
    "min_print_web_ligament_in": 0.07128649303977723,
    "min_shell_area_ratio": 0.18544802153865403,
    "max_web_opening_ratio": 0.6021918835128617,
    "max_dim_slope_in_per_in": 0.06330125014239485
  },
  "load_cases": [
    {
      "name": "Load Case 1",
      "orientation": "upright",
      "load_lbf": 5.0,
      "location_in": 4.0,
      "reaction_a_lbf": 2.5,
      "reaction_b_lbf": 2.5,
      "max_von_mises_psi": 793.4199044018366,
      "max_von_mises_x_in": 4.5,
      "min_factor_of_safety": 2.9996726661329407,
      "min_factor_of_safety_x_in": 4.5,
      "max_deflection_in": 0.053050782156895,
      "max_deflection_x_in": 4.561875,
      "max_slope_rad": 0.02234802899676403
    },
    {
      "name": "Load Case 2",
      "orientation": "side",
      "load_lbf": 8.0,
      "location_in": 5.0,
      "reaction_a_lbf": 3.0,
      "reaction_b_lbf": 5.0,
      "max_von_mises_psi": 1574.436718237332,
      "max_von_mises_x_in": 5.5,
      "min_factor_of_safety": 1.511651737050785,
      "min_factor_of_safety_x_in": 5.5,
      "max_deflection_in": 0.12337191663890025,
      "max_deflection_x_in": 4.550625,
      "max_slope_rad": 0.0528468314666542
    }
  ]
}