{
  "search_config": {
    "initial_samples": 1500,
    "refinement_rounds": 10,
    "elite_count": 30,
    "local_samples_per_elite": 60,
    "min_feasible_designs": 50,
    "excess_fos_weight": 0.0,
    "underutilization_weight": 0.0,
    "uniformity_weight": 0.0,
    "symmetry_weight": 0.0,
    "smoothness_weight": 0.0,
    "envelope_stress_floor_ratio": 0.15,
    "uniformity_case": "all",
    "uniformity_x_min_in": null,
    "uniformity_x_max_in": null,
    "mirror_profile": true,
    "seed": 2440
  },
  "constraint_config": {
    "min_factor_of_safety": 1.5,
    "max_deflection_in": null
  },
  "durability_config": {
    "min_web_ligament_in": 0.062,
    "min_shell_area_ratio": 0.04,
    "max_height_ratio": 10.0,
    "max_width_ratio": 10.0,
    "max_dim_slope_in_per_in": 0.8,
    "stress_concentration_limit": 25.0
  },
  "geometry": {
    "span_in": 8.0,
    "total_length_in": 9.0,
    "support_a_x_in": 0.5,
    "support_b_x_in": 8.5,
    "left_width_in": 0.399150702556176,
    "mid_width_in": 0.5127072216889249,
    "right_width_in": 0.399150702556176,
    "left_height_in": 0.5493798236834453,
    "mid_height_in": 0.5937880196580549,
    "right_height_in": 0.5493798236834453,
    "wall_thickness_in": 0.04,
    "left_web_opening_ratio": 0.709959727132523,
    "mid_web_opening_ratio": 0.6301725396514808,
    "right_web_opening_ratio": 0.709959727132523
  },
  "metrics": {
    "weight_lbf": 0.02003662701917064,
    "min_factor_of_safety": 1.5235904718169389,
    "max_deflection_in": 0.10060283493444946,
    "governing_load_case": "Load Case 2",
    "governing_x_in": 5.5,
    "feasible": true,
    "objective": 0.020036627108613037,
    "penalty": 0.0,
    "uniformity_score": 0.2869736245715052,
    "symmetry_score": 1.0280970040947542e-07,
    "smoothness_score": 0.0034377610108804234,
    "durability_score": 0.0,
    "constraint_violations": [],
    "rank_score": 0.02003662701917064,
    "fos_3to7_mean": 2.0502482412284526,
    "fos_3to7_std": 0.35372363605532364,
    "fos_3to7_range": 1.2392027065736886,
    "fos_3to7_min": 1.5235904718169389,
    "fos_3to7_max": 2.7627931783906274,
    "min_print_web_ligament_in": 0.06806952606981737,
    "min_shell_area_ratio": 0.18465944334329334,
    "max_web_opening_ratio": 0.709959727132523,
    "max_dim_slope_in_per_in": 0.025234782029514236
  },
  "load_cases": [
    {
      "name": "Load Case 1",
      "orientation": "upright",
      "load_lbf": 5.0,
      "location_in": 4.0,
      "reaction_a_lbf": 2.5,
      "reaction_b_lbf": 2.5,
      "max_von_mises_psi": 826.2160054142918,
      "max_von_mises_x_in": 4.5,
      "min_factor_of_safety": 2.880602632245777,
      "min_factor_of_safety_x_in": 4.5,
      "max_deflection_in": 0.051244458436797785,
      "max_deflection_x_in": 4.5,
      "max_slope_rad": 0.01982960505385146
    },
    {
      "name": "Load Case 2",
      "orientation": "side",
      "load_lbf": 8.0,
      "location_in": 5.0,
      "reaction_a_lbf": 3.0,
      "reaction_b_lbf": 5.0,
      "max_von_mises_psi": 1562.0995562946523,
      "max_von_mises_x_in": 5.5,
      "min_factor_of_safety": 1.5235904718169389,
      "min_factor_of_safety_x_in": 5.5,
      "max_deflection_in": 0.10060283493444946,
      "max_deflection_x_in": 4.831875,
      "max_slope_rad": 0.04414459054315607
    }
  ]
}