{
  "search_config": {
    "initial_samples": 1500,
    "refinement_rounds": 10,
    "elite_count": 30,
    "local_samples_per_elite": 60,
    "min_feasible_designs": 50,
    "excess_fos_weight": 0.0,
    "underutilization_weight": 0.0,
    "uniformity_weight": 0.0,
    "symmetry_weight": 0.0,
    "smoothness_weight": 0.0,
    "envelope_stress_floor_ratio": 0.15,
    "uniformity_case": "all",
    "uniformity_x_min_in": null,
    "uniformity_x_max_in": null,
    "mirror_profile": true,
    "seed": 2440
  },
  "constraint_config": {
    "min_factor_of_safety": 1.5,
    "max_deflection_in": null
  },
  "durability_config": {
    "min_web_ligament_in": 0.062,
    "min_shell_area_ratio": 0.04,
    "max_height_ratio": 10.0,
    "max_width_ratio": 10.0,
    "max_dim_slope_in_per_in": 0.8,
    "stress_concentration_limit": 25.0
  },
  "geometry": {
    "span_in": 8.0,
    "total_length_in": 9.0,
    "support_a_x_in": 0.5,
    "support_b_x_in": 8.5,
    "left_width_in": 0.22,
    "mid_width_in": 0.5603646533105064,
    "right_width_in": 0.22,
    "left_height_in": 0.5336734989805786,
    "mid_height_in": 0.6156686183403832,
    "right_height_in": 0.5336734989805786,
    "wall_thickness_in": 0.042083772248973424,
    "left_web_opening_ratio": 0.5145002369990157,
    "mid_web_opening_ratio": 0.693959580270557,
    "right_web_opening_ratio": 0.5145002369990157
  },
  "metrics": {
    "weight_lbf": 0.01987603920696762,
    "min_factor_of_safety": 1.5891527849708416,
    "max_deflection_in": 0.10551363480730241,
    "governing_load_case": "Load Case 2",
    "governing_x_in": 5.5,
    "feasible": true,
    "objective": 0.019876038816166418,
    "penalty": 0.0,
    "uniformity_score": 0.3037176229034858,
    "symmetry_score": 1.125297042438907e-06,
    "smoothness_score": 0.03901395515562318,
    "durability_score": 0.0,
    "constraint_violations": [],
    "rank_score": 0.01987603920696762,
    "fos_3to7_mean": 2.140544643707646,
    "fos_3to7_std": 0.4235782120174509,
    "fos_3to7_range": 1.1508133536076706,
    "fos_3to7_min": 1.5891527849708416,
    "fos_3to7_max": 2.739966138578512,
    "min_print_web_ligament_in": 0.08133040586269444,
    "min_shell_area_ratio": 0.1763926562659795,
    "max_web_opening_ratio": 0.693959580270557,
    "max_dim_slope_in_per_in": 0.07563658962459385
  },
  "load_cases": [
    {
      "name": "Load Case 1",
      "orientation": "upright",
      "load_lbf": 5.0,
      "location_in": 4.0,
      "reaction_a_lbf": 2.5,
      "reaction_b_lbf": 2.5,
      "max_von_mises_psi": 741.8433621183818,
      "max_von_mises_x_in": 4.5,
      "min_factor_of_safety": 3.208224433260083,
      "min_factor_of_safety_x_in": 4.5,
      "max_deflection_in": 0.04762517171317573,
      "max_deflection_x_in": 4.5,
      "max_slope_rad": 0.019244661411591032
    },
    {
      "name": "Load Case 2",
      "orientation": "side",
      "load_lbf": 8.0,
      "location_in": 5.0,
      "reaction_a_lbf": 3.0,
      "reaction_b_lbf": 5.0,
      "max_von_mises_psi": 1497.653354987934,
      "max_von_mises_x_in": 5.5,
      "min_factor_of_safety": 1.5891527849708416,
      "min_factor_of_safety_x_in": 5.5,
      "max_deflection_in": 0.10551363480730241,
      "max_deflection_x_in": 4.95,
      "max_slope_rad": 0.05357597490243547
    }
  ]
}