{
  "search_config": {
    "initial_samples": 800,
    "refinement_rounds": 6,
    "elite_count": 24,
    "local_samples_per_elite": 45,
    "min_feasible_designs": 30,
    "excess_fos_weight": 0.05,
    "underutilization_weight": 0.2,
    "uniformity_weight": 0.0,
    "symmetry_weight": 0.0,
    "smoothness_weight": 0.0,
    "envelope_stress_floor_ratio": 0.15,
    "uniformity_case": "all",
    "uniformity_x_min_in": null,
    "uniformity_x_max_in": null,
    "mirror_profile": true,
    "seed": 2425
  },
  "constraint_config": {
    "min_factor_of_safety": 1.5,
    "max_deflection_in": null
  },
  "durability_config": {
    "min_web_ligament_in": 0.062,
    "min_shell_area_ratio": 0.06,
    "max_height_ratio": 6.0,
    "max_width_ratio": 6.0,
    "max_dim_slope_in_per_in": 0.5,
    "stress_concentration_limit": 15.0
  },
  "geometry": {
    "span_in": 8.0,
    "total_length_in": 9.0,
    "support_a_x_in": 0.5,
    "support_b_x_in": 8.5,
    "left_width_in": 0.28506336840599533,
    "mid_width_in": 0.5508954644246206,
    "right_width_in": 0.28506336840599533,
    "left_height_in": 0.47144143485308443,
    "mid_height_in": 0.7777978246654822,
    "right_height_in": 0.47144143485308443,
    "wall_thickness_in": 0.040033318762157766,
    "left_web_opening_ratio": 0.6289544864064156,
    "mid_web_opening_ratio": 0.68452614917678,
    "right_web_opening_ratio": 0.6289544864064156
  },
  "metrics": {
    "weight_lbf": 0.019569161126422076,
    "min_factor_of_safety": 1.706547635977366,
    "max_deflection_in": 0.0894822208348328,
    "governing_load_case": "Load Case 2",
    "governing_x_in": 5.5,
    "feasible": true,
    "objective": 0.052674216918988576,
    "penalty": 0.0,
    "uniformity_score": 0.32411536805313196,
    "symmetry_score": 8.960039843662022e-07,
    "smoothness_score": 0.03189872071803487,
    "durability_score": 0.0,
    "constraint_violations": [],
    "rank_score": 0.019569161126422076,
    "fos_3to7_mean": 2.3085518654879587,
    "fos_3to7_std": 0.4826603942876244,
    "fos_3to7_range": 1.1866338022726026,
    "fos_3to7_min": 1.706547635977366,
    "fos_3to7_max": 2.8931814382499685,
    "min_print_web_ligament_in": 0.07260893134121903,
    "min_shell_area_ratio": 0.1440709678666122,
    "max_web_opening_ratio": 0.68452614917678,
    "max_dim_slope_in_per_in": 0.06807919773621052
  },
  "load_cases": [
    {
      "name": "Load Case 1",
      "orientation": "upright",
      "load_lbf": 5.0,
      "location_in": 4.0,
      "reaction_a_lbf": 2.5,
      "reaction_b_lbf": 2.5,
      "max_von_mises_psi": 570.8586550030834,
      "max_von_mises_x_in": 4.5,
      "min_factor_of_safety": 4.169158125468282,
      "min_factor_of_safety_x_in": 4.5,
      "max_deflection_in": 0.03369654229188926,
      "max_deflection_x_in": 4.5,
      "max_slope_rad": 0.0144660418372487
    },
    {
      "name": "Load Case 2",
      "orientation": "side",
      "load_lbf": 8.0,
      "location_in": 5.0,
      "reaction_a_lbf": 3.0,
      "reaction_b_lbf": 5.0,
      "max_von_mises_psi": 1394.6285177307327,
      "max_von_mises_x_in": 5.5,
      "min_factor_of_safety": 1.706547635977366,
      "min_factor_of_safety_x_in": 5.5,
      "max_deflection_in": 0.0894822208348328,
      "max_deflection_x_in": 4.93875,
      "max_slope_rad": 0.044272278049857526
    }
  ]
}