{
  "search_config": {
    "initial_samples": 1200,
    "refinement_rounds": 8,
    "elite_count": 30,
    "local_samples_per_elite": 60,
    "min_feasible_designs": 40,
    "excess_fos_weight": 0.02,
    "underutilization_weight": 0.6,
    "uniformity_weight": 0.0,
    "symmetry_weight": 0.0,
    "smoothness_weight": 0.0,
    "envelope_stress_floor_ratio": 0.15,
    "uniformity_case": "all",
    "uniformity_x_min_in": null,
    "uniformity_x_max_in": null,
    "mirror_profile": true,
    "seed": 2432
  },
  "constraint_config": {
    "min_factor_of_safety": 1.5,
    "max_deflection_in": null
  },
  "durability_config": {
    "min_web_ligament_in": 0.062,
    "min_shell_area_ratio": 0.05,
    "max_height_ratio": 8.0,
    "max_width_ratio": 8.0,
    "max_dim_slope_in_per_in": 0.6,
    "stress_concentration_limit": 20.0
  },
  "geometry": {
    "span_in": 8.0,
    "total_length_in": 9.0,
    "support_a_x_in": 0.5,
    "support_b_x_in": 8.5,
    "left_width_in": 0.23000022584423319,
    "mid_width_in": 0.5451531562377068,
    "right_width_in": 0.23000022584423319,
    "left_height_in": 0.650249549627361,
    "mid_height_in": 0.6905797787402939,
    "right_height_in": 0.650249549627361,
    "wall_thickness_in": 0.04,
    "left_web_opening_ratio": 0.6175728063294359,
    "mid_web_opening_ratio": 0.6490573581999031,
    "right_web_opening_ratio": 0.6175728063294359
  },
  "metrics": {
    "weight_lbf": 0.01956853171834462,
    "min_factor_of_safety": 1.5413675078570643,
    "max_deflection_in": 0.10025013705641073,
    "governing_load_case": "Load Case 2",
    "governing_x_in": 8.5,
    "feasible": true,
    "objective": 0.13978629727682046,
    "penalty": 0.0,
    "uniformity_score": 0.3623753152543565,
    "symmetry_score": 9.209516061347002e-07,
    "smoothness_score": 0.03286763157751423,
    "durability_score": 0.0,
    "constraint_violations": [],
    "rank_score": 0.01956853171834462,
    "fos_3to7_mean": 2.2030258545468975,
    "fos_3to7_std": 0.4505304856024581,
    "fos_3to7_range": 1.1644799161461161,
    "fos_3to7_min": 1.640210586045417,
    "fos_3to7_max": 2.804690502191533,
    "min_print_web_ligament_in": 0.1071392402904187,
    "min_shell_area_ratio": 0.1613787265278351,
    "max_web_opening_ratio": 0.6490573581999031,
    "max_dim_slope_in_per_in": 0.07003398453190357
  },
  "load_cases": [
    {
      "name": "Load Case 1",
      "orientation": "upright",
      "load_lbf": 5.0,
      "location_in": 4.0,
      "reaction_a_lbf": 2.5,
      "reaction_b_lbf": 2.5,
      "max_von_mises_psi": 654.0650241421507,
      "max_von_mises_x_in": 4.5,
      "min_factor_of_safety": 3.6387819439229707,
      "min_factor_of_safety_x_in": 4.5,
      "max_deflection_in": 0.03638810565212273,
      "max_deflection_x_in": 4.5,
      "max_slope_rad": 0.014428616061527674
    },
    {
      "name": "Load Case 2",
      "orientation": "side",
      "load_lbf": 8.0,
      "location_in": 5.0,
      "reaction_a_lbf": 3.0,
      "reaction_b_lbf": 5.0,
      "max_von_mises_psi": 1544.0834115602133,
      "max_von_mises_x_in": 8.5,
      "min_factor_of_safety": 1.5413675078570643,
      "min_factor_of_safety_x_in": 8.5,
      "max_deflection_in": 0.10025013705641073,
      "max_deflection_x_in": 4.9331249999999995,
      "max_slope_rad": 0.049720253618224776
    }
  ]
}