{
  "search_config": {
    "initial_samples": 80,
    "refinement_rounds": 2,
    "elite_count": 8,
    "local_samples_per_elite": 8,
    "min_feasible_designs": 20,
    "seed": 305
  },
  "constraint_config": {
    "min_factor_of_safety": 1.5,
    "max_deflection_in": null
  },
  "geometry": {
    "span_in": 8.0,
    "total_length_in": 9.0,
    "left_width_in": 1.3474473413368597,
    "mid_width_in": 0.764607855848019,
    "right_width_in": 0.7115154569359985,
    "left_height_in": 1.273199731585021,
    "mid_height_in": 1.290180708281336,
    "right_height_in": 1.184069130183988,
    "wall_thickness_in": 0.08,
    "left_web_opening_ratio": 0.5574512485195954,
    "mid_web_opening_ratio": 0.7,
    "right_web_opening_ratio": 0.5134815718790887
  },
  "metrics": {
    "weight_lbf": 0.0758097312593349,
    "min_factor_of_safety": 17.286160222621433,
    "max_deflection_in": 0.002997222863867075,
    "governing_load_case": "Load Case 1",
    "governing_x_in": 4.0,
    "feasible": true,
    "objective": 0.0758097312593349,
    "penalty": 0.0,
    "constraint_violations": []
  },
  "load_cases": [
    {
      "name": "Load Case 1",
      "orientation": "upright",
      "load_lbf": 5.0,
      "location_in": 4.0,
      "reaction_a_lbf": 2.5,
      "reaction_b_lbf": 2.5,
      "max_von_mises_psi": 137.6823984823088,
      "max_von_mises_x_in": 4.0,
      "min_factor_of_safety": 17.286160222621433,
      "min_factor_of_safety_x_in": 4.0,
      "max_deflection_in": 0.002997222863867075,
      "max_deflection_x_in": 4.12,
      "max_slope_rad": 0.0011761091062420514
    },
    {
      "name": "Load Case 2",
      "orientation": "side",
      "load_lbf": 3.0,
      "location_in": 2.5,
      "reaction_a_lbf": 2.0625,
      "reaction_b_lbf": 0.9375,
      "max_von_mises_psi": 93.15768725000474,
      "max_von_mises_x_in": 2.49,
      "min_factor_of_safety": 25.548079501081418,
      "min_factor_of_safety_x_in": 2.49,
      "max_deflection_in": 0.002698480922963126,
      "max_deflection_x_in": 4.0,
      "max_slope_rad": 0.001032455665463984
    }
  ]
}