{
  "search_config": {
    "initial_samples": 1500,
    "refinement_rounds": 10,
    "elite_count": 30,
    "local_samples_per_elite": 60,
    "min_feasible_designs": 50,
    "excess_fos_weight": 0.0,
    "underutilization_weight": 0.0,
    "uniformity_weight": 0.0,
    "symmetry_weight": 0.0,
    "smoothness_weight": 0.0,
    "envelope_stress_floor_ratio": 0.15,
    "uniformity_case": "all",
    "uniformity_x_min_in": null,
    "uniformity_x_max_in": null,
    "mirror_profile": true,
    "seed": 2440
  },
  "constraint_config": {
    "min_factor_of_safety": 1.5,
    "max_deflection_in": null
  },
  "durability_config": {
    "min_web_ligament_in": 0.062,
    "min_shell_area_ratio": 0.04,
    "max_height_ratio": 10.0,
    "max_width_ratio": 10.0,
    "max_dim_slope_in_per_in": 0.8,
    "stress_concentration_limit": 25.0
  },
  "geometry": {
    "span_in": 8.0,
    "total_length_in": 9.0,
    "support_a_x_in": 0.5,
    "support_b_x_in": 8.5,
    "left_width_in": 0.22,
    "mid_width_in": 0.4826279363177361,
    "right_width_in": 0.22,
    "left_height_in": 0.7340601573695211,
    "mid_height_in": 1.1300683326560905,
    "right_height_in": 0.7340601573695211,
    "wall_thickness_in": 0.04162125183769675,
    "left_web_opening_ratio": 0.5709658552948925,
    "mid_web_opening_ratio": 0.8029163413008245,
    "right_web_opening_ratio": 0.5709658552948925
  },
  "metrics": {
    "weight_lbf": 0.02054451645150067,
    "min_factor_of_safety": 1.5308246909154744,
    "max_deflection_in": 0.08776492647562226,
    "governing_load_case": "Load Case 2",
    "governing_x_in": 8.5,
    "feasible": true,
    "objective": 0.020544514038809494,
    "penalty": 0.0,
    "uniformity_score": 0.32734849931166504,
    "symmetry_score": 1.096615387998185e-06,
    "smoothness_score": 0.03719036637694922,
    "durability_score": 0.0,
    "constraint_violations": [],
    "rank_score": 0.02054451645150067,
    "fos_3to7_mean": 2.0895824661845315,
    "fos_3to7_std": 0.4138471051696871,
    "fos_3to7_range": 1.0864274287393512,
    "fos_3to7_min": 1.5331360013867066,
    "fos_3to7_max": 2.6195634301260577,
    "min_print_web_ligament_in": 0.10315613219815661,
    "min_shell_area_ratio": 0.10515005380017016,
    "max_web_opening_ratio": 0.8029163413008245,
    "max_dim_slope_in_per_in": 0.0880018167303831
  },
  "load_cases": [
    {
      "name": "Load Case 1",
      "orientation": "upright",
      "load_lbf": 5.0,
      "location_in": 4.0,
      "reaction_a_lbf": 2.5,
      "reaction_b_lbf": 2.5,
      "max_von_mises_psi": 438.6123127376966,
      "max_von_mises_x_in": 4.5,
      "min_factor_of_safety": 5.426204260306099,
      "min_factor_of_safety_x_in": 4.5,
      "max_deflection_in": 0.015031153388617354,
      "max_deflection_x_in": 4.5,
      "max_slope_rad": 0.0062881031328032595
    },
    {
      "name": "Load Case 2",
      "orientation": "side",
      "load_lbf": 8.0,
      "location_in": 5.0,
      "reaction_a_lbf": 3.0,
      "reaction_b_lbf": 5.0,
      "max_von_mises_psi": 1554.7175415472923,
      "max_von_mises_x_in": 8.5,
      "min_factor_of_safety": 1.5308246909154744,
      "min_factor_of_safety_x_in": 8.5,
      "max_deflection_in": 0.08776492647562226,
      "max_deflection_x_in": 4.95,
      "max_slope_rad": 0.04431724339756949
    }
  ]
}