{
  "search_config": {
    "initial_samples": 1500,
    "refinement_rounds": 10,
    "elite_count": 30,
    "local_samples_per_elite": 60,
    "min_feasible_designs": 50,
    "excess_fos_weight": 0.0,
    "underutilization_weight": 0.0,
    "uniformity_weight": 0.0,
    "symmetry_weight": 0.0,
    "smoothness_weight": 0.0,
    "envelope_stress_floor_ratio": 0.15,
    "uniformity_case": "all",
    "uniformity_x_min_in": null,
    "uniformity_x_max_in": null,
    "mirror_profile": true,
    "seed": 2441
  },
  "constraint_config": {
    "min_factor_of_safety": 1.5,
    "max_deflection_in": null
  },
  "durability_config": {
    "min_web_ligament_in": 0.062,
    "min_shell_area_ratio": 0.04,
    "max_height_ratio": 10.0,
    "max_width_ratio": 10.0,
    "max_dim_slope_in_per_in": 0.8,
    "stress_concentration_limit": 25.0
  },
  "geometry": {
    "span_in": 8.0,
    "total_length_in": 9.0,
    "support_a_x_in": 0.5,
    "support_b_x_in": 8.5,
    "left_width_in": 0.30356869307676493,
    "mid_width_in": 0.5072624097749001,
    "right_width_in": 0.30356869307676493,
    "left_height_in": 0.7163417110467287,
    "mid_height_in": 0.653342912496067,
    "right_height_in": 0.7163417110467287,
    "wall_thickness_in": 0.04,
    "left_web_opening_ratio": 0.7289674102457071,
    "mid_web_opening_ratio": 0.5785810170281618,
    "right_web_opening_ratio": 0.7289674102457071
  },
  "metrics": {
    "weight_lbf": 0.019894832511274444,
    "min_factor_of_safety": 1.557507860555193,
    "max_deflection_in": 0.10280539769133806,
    "governing_load_case": "Load Case 2",
    "governing_x_in": 8.5,
    "feasible": true,
    "objective": 0.019894832272114766,
    "penalty": 0.0,
    "uniformity_score": 0.3149832694124013,
    "symmetry_score": 3.9181123245761e-07,
    "smoothness_score": 0.013162271541594214,
    "durability_score": 0.0,
    "constraint_violations": [],
    "rank_score": 0.019894832511274444,
    "fos_3to7_mean": 2.13296255041513,
    "fos_3to7_std": 0.39830138300287343,
    "fos_3to7_range": 1.2211650230986386,
    "fos_3to7_min": 1.5983881701236022,
    "fos_3to7_max": 2.819553193222241,
    "min_print_web_ligament_in": 0.08623467095683642,
    "min_shell_area_ratio": 0.17512752901246878,
    "max_web_opening_ratio": 0.7289674102457071,
    "max_dim_slope_in_per_in": 0.04526527037743566
  },
  "load_cases": [
    {
      "name": "Load Case 1",
      "orientation": "upright",
      "load_lbf": 5.0,
      "location_in": 4.0,
      "reaction_a_lbf": 2.5,
      "reaction_b_lbf": 2.5,
      "max_von_mises_psi": 711.8010410248783,
      "max_von_mises_x_in": 4.5,
      "min_factor_of_safety": 3.3436309626257152,
      "min_factor_of_safety_x_in": 4.5,
      "max_deflection_in": 0.03841649765575922,
      "max_deflection_x_in": 4.5,
      "max_slope_rad": 0.01461929842920013
    },
    {
      "name": "Load Case 2",
      "orientation": "side",
      "load_lbf": 8.0,
      "location_in": 5.0,
      "reaction_a_lbf": 3.0,
      "reaction_b_lbf": 5.0,
      "max_von_mises_psi": 1528.082175554234,
      "max_von_mises_x_in": 8.5,
      "min_factor_of_safety": 1.557507860555193,
      "min_factor_of_safety_x_in": 8.5,
      "max_deflection_in": 0.10280539769133806,
      "max_deflection_x_in": 4.865625,
      "max_slope_rad": 0.04690795812796014
    }
  ]
}