{
  "search_config": {
    "initial_samples": 1500,
    "refinement_rounds": 10,
    "elite_count": 30,
    "local_samples_per_elite": 60,
    "min_feasible_designs": 50,
    "excess_fos_weight": 0.0,
    "underutilization_weight": 0.0,
    "uniformity_weight": 0.0,
    "symmetry_weight": 0.0,
    "smoothness_weight": 0.0,
    "envelope_stress_floor_ratio": 0.15,
    "uniformity_case": "all",
    "uniformity_x_min_in": null,
    "uniformity_x_max_in": null,
    "mirror_profile": true,
    "seed": 2440
  },
  "constraint_config": {
    "min_factor_of_safety": 1.5,
    "max_deflection_in": null
  },
  "durability_config": {
    "min_web_ligament_in": 0.062,
    "min_shell_area_ratio": 0.04,
    "max_height_ratio": 10.0,
    "max_width_ratio": 10.0,
    "max_dim_slope_in_per_in": 0.8,
    "stress_concentration_limit": 25.0
  },
  "geometry": {
    "span_in": 8.0,
    "total_length_in": 9.0,
    "support_a_x_in": 0.5,
    "support_b_x_in": 8.5,
    "left_width_in": 0.2510847708334808,
    "mid_width_in": 0.46163009366665686,
    "right_width_in": 0.2510847708334808,
    "left_height_in": 0.6027232531205682,
    "mid_height_in": 1.1245043517425835,
    "right_height_in": 0.6027232531205682,
    "wall_thickness_in": 0.04,
    "left_web_opening_ratio": 0.5314734731830864,
    "mid_web_opening_ratio": 0.7759432738238952,
    "right_web_opening_ratio": 0.5314734731830864
  },
  "metrics": {
    "weight_lbf": 0.01999359678356547,
    "min_factor_of_safety": 1.5288317405265264,
    "max_deflection_in": 0.09633722171039362,
    "governing_load_case": "Load Case 2",
    "governing_x_in": 5.5,
    "feasible": true,
    "objective": 0.019993593563529588,
    "penalty": 0.0,
    "uniformity_score": 0.34460824185081085,
    "symmetry_score": 1.069762978345133e-06,
    "smoothness_score": 0.03601033671429507,
    "durability_score": 0.0,
    "constraint_violations": [],
    "rank_score": 0.01999359678356547,
    "fos_3to7_mean": 2.0839952602428804,
    "fos_3to7_std": 0.39636883491143454,
    "fos_3to7_range": 1.1103888580272885,
    "fos_3to7_min": 1.5288317405265264,
    "fos_3to7_max": 2.639220598553815,
    "min_print_web_ligament_in": 0.11701411276406895,
    "min_shell_area_ratio": 0.10720886960901674,
    "max_web_opening_ratio": 0.7759432738238952,
    "max_dim_slope_in_per_in": 0.11595135524940936
  },
  "load_cases": [
    {
      "name": "Load Case 1",
      "orientation": "upright",
      "load_lbf": 5.0,
      "location_in": 4.0,
      "reaction_a_lbf": 2.5,
      "reaction_b_lbf": 2.5,
      "max_von_mises_psi": 442.3383909688603,
      "max_von_mises_x_in": 4.5,
      "min_factor_of_safety": 5.380496128285521,
      "min_factor_of_safety_x_in": 4.5,
      "max_deflection_in": 0.017028361012727724,
      "max_deflection_x_in": 4.5,
      "max_slope_rad": 0.007357039543960416
    },
    {
      "name": "Load Case 2",
      "orientation": "side",
      "load_lbf": 8.0,
      "location_in": 5.0,
      "reaction_a_lbf": 3.0,
      "reaction_b_lbf": 5.0,
      "max_von_mises_psi": 1556.744236079461,
      "max_von_mises_x_in": 5.5,
      "min_factor_of_safety": 1.5288317405265264,
      "min_factor_of_safety_x_in": 5.5,
      "max_deflection_in": 0.09633722171039362,
      "max_deflection_x_in": 4.9331249999999995,
      "max_slope_rad": 0.04763669955107799
    }
  ]
}