{
  "search_config": {
    "initial_samples": 1200,
    "refinement_rounds": 8,
    "elite_count": 30,
    "local_samples_per_elite": 60,
    "min_feasible_designs": 40,
    "excess_fos_weight": 0.02,
    "underutilization_weight": 0.6,
    "uniformity_weight": 0.0,
    "symmetry_weight": 0.0,
    "smoothness_weight": 0.0,
    "envelope_stress_floor_ratio": 0.15,
    "uniformity_case": "all",
    "uniformity_x_min_in": null,
    "uniformity_x_max_in": null,
    "mirror_profile": true,
    "seed": 2433
  },
  "constraint_config": {
    "min_factor_of_safety": 1.5,
    "max_deflection_in": null
  },
  "durability_config": {
    "min_web_ligament_in": 0.062,
    "min_shell_area_ratio": 0.05,
    "max_height_ratio": 8.0,
    "max_width_ratio": 8.0,
    "max_dim_slope_in_per_in": 0.6,
    "stress_concentration_limit": 20.0
  },
  "geometry": {
    "span_in": 8.0,
    "total_length_in": 9.0,
    "support_a_x_in": 0.5,
    "support_b_x_in": 8.5,
    "left_width_in": 0.2512453103230474,
    "mid_width_in": 0.6031412000893761,
    "right_width_in": 0.2512453103230474,
    "left_height_in": 0.5973937292861898,
    "mid_height_in": 0.5348408619071445,
    "right_height_in": 0.5973937292861898,
    "wall_thickness_in": 0.041832300448841245,
    "left_web_opening_ratio": 0.6440693586112184,
    "mid_web_opening_ratio": 0.6771349106987606,
    "right_web_opening_ratio": 0.6440693586112184
  },
  "metrics": {
    "weight_lbf": 0.020029235024481156,
    "min_factor_of_safety": 1.6373667105516352,
    "max_deflection_in": 0.09252600387727379,
    "governing_load_case": "Load Case 2",
    "governing_x_in": 5.5,
    "feasible": true,
    "objective": 0.2779755915522741,
    "penalty": 0.0,
    "uniformity_score": 0.4666203102244103,
    "symmetry_score": 9.569759586489532e-07,
    "smoothness_score": 0.034150955735425065,
    "durability_score": 0.0,
    "constraint_violations": [],
    "rank_score": 0.020029235024481156,
    "fos_3to7_mean": 2.195116676455122,
    "fos_3to7_std": 0.4253644633607985,
    "fos_3to7_range": 1.2097088926477382,
    "fos_3to7_min": 1.6373667105516352,
    "fos_3to7_max": 2.8470756031993734,
    "min_print_web_ligament_in": 0.07283453190070963,
    "min_shell_area_ratio": 0.19420927031039364,
    "max_web_opening_ratio": 0.6771349106987606,
    "max_dim_slope_in_per_in": 0.07819908661475239
  },
  "load_cases": [
    {
      "name": "Load Case 1",
      "orientation": "upright",
      "load_lbf": 5.0,
      "location_in": 4.0,
      "reaction_a_lbf": 2.5,
      "reaction_b_lbf": 2.5,
      "max_von_mises_psi": 839.6440991465123,
      "max_von_mises_x_in": 4.5,
      "min_factor_of_safety": 2.83453430140132,
      "min_factor_of_safety_x_in": 4.5,
      "max_deflection_in": 0.05438158043887993,
      "max_deflection_x_in": 4.5,
      "max_slope_rad": 0.02094268666380133
    },
    {
      "name": "Load Case 2",
      "orientation": "side",
      "load_lbf": 8.0,
      "location_in": 5.0,
      "reaction_a_lbf": 3.0,
      "reaction_b_lbf": 5.0,
      "max_von_mises_psi": 1453.5534310442704,
      "max_von_mises_x_in": 5.5,
      "min_factor_of_safety": 1.6373667105516352,
      "min_factor_of_safety_x_in": 5.5,
      "max_deflection_in": 0.09252600387727379,
      "max_deflection_x_in": 4.921875,
      "max_slope_rad": 0.045290458511667686
    }
  ]
}