{
  "search_config": {
    "initial_samples": 1200,
    "refinement_rounds": 8,
    "elite_count": 30,
    "local_samples_per_elite": 60,
    "min_feasible_designs": 40,
    "excess_fos_weight": 0.02,
    "underutilization_weight": 0.6,
    "uniformity_weight": 0.0,
    "symmetry_weight": 0.0,
    "smoothness_weight": 0.0,
    "envelope_stress_floor_ratio": 0.15,
    "uniformity_case": "all",
    "uniformity_x_min_in": null,
    "uniformity_x_max_in": null,
    "mirror_profile": true,
    "seed": 2432
  },
  "constraint_config": {
    "min_factor_of_safety": 1.5,
    "max_deflection_in": null
  },
  "durability_config": {
    "min_web_ligament_in": 0.062,
    "min_shell_area_ratio": 0.05,
    "max_height_ratio": 8.0,
    "max_width_ratio": 8.0,
    "max_dim_slope_in_per_in": 0.6,
    "stress_concentration_limit": 20.0
  },
  "geometry": {
    "span_in": 8.0,
    "total_length_in": 9.0,
    "support_a_x_in": 0.5,
    "support_b_x_in": 8.5,
    "left_width_in": 0.2914493578814659,
    "mid_width_in": 0.462542991162147,
    "right_width_in": 0.2914493578814659,
    "left_height_in": 0.4380980697338028,
    "mid_height_in": 0.7417607130712753,
    "right_height_in": 0.4380980697338028,
    "wall_thickness_in": 0.04,
    "left_web_opening_ratio": 0.5938176923153249,
    "mid_web_opening_ratio": 0.46431394843177426,
    "right_web_opening_ratio": 0.5938176923153249
  },
  "metrics": {
    "weight_lbf": 0.020101494118182246,
    "min_factor_of_safety": 1.5354373974206788,
    "max_deflection_in": 0.12573318252596216,
    "governing_load_case": "Load Case 2",
    "governing_x_in": 5.5,
    "feasible": true,
    "objective": 0.1496502999661444,
    "penalty": 0.0,
    "uniformity_score": 0.38244546353237757,
    "symmetry_score": 6.740293433651711e-07,
    "smoothness_score": 0.023461732548159454,
    "durability_score": 0.0,
    "constraint_violations": [],
    "rank_score": 0.020101494118182246,
    "fos_3to7_mean": 2.068824406546042,
    "fos_3to7_std": 0.4009799201040133,
    "fos_3to7_range": 1.1368773534016972,
    "fos_3to7_min": 1.5354373974206788,
    "fos_3to7_max": 2.672314750822376,
    "min_print_web_ligament_in": 0.07272655017095186,
    "min_shell_area_ratio": 0.19050958407630122,
    "max_web_opening_ratio": 0.5938176923153249,
    "max_dim_slope_in_per_in": 0.06748058740835461
  },
  "load_cases": [
    {
      "name": "Load Case 1",
      "orientation": "upright",
      "load_lbf": 5.0,
      "location_in": 4.0,
      "reaction_a_lbf": 2.5,
      "reaction_b_lbf": 2.5,
      "max_von_mises_psi": 608.239470896074,
      "max_von_mises_x_in": 4.5,
      "min_factor_of_safety": 3.9129325107654114,
      "min_factor_of_safety_x_in": 4.5,
      "max_deflection_in": 0.04037573104149565,
      "max_deflection_x_in": 4.5,
      "max_slope_rad": 0.017313493025710374
    },
    {
      "name": "Load Case 2",
      "orientation": "side",
      "load_lbf": 8.0,
      "location_in": 5.0,
      "reaction_a_lbf": 3.0,
      "reaction_b_lbf": 5.0,
      "max_von_mises_psi": 1550.0469143177502,
      "max_von_mises_x_in": 5.5,
      "min_factor_of_safety": 1.5354373974206788,
      "min_factor_of_safety_x_in": 5.5,
      "max_deflection_in": 0.12573318252596216,
      "max_deflection_x_in": 4.905,
      "max_slope_rad": 0.05995637984869031
    }
  ]
}