{
  "search_config": {
    "initial_samples": 600,
    "refinement_rounds": 8,
    "elite_count": 20,
    "local_samples_per_elite": 35,
    "min_feasible_designs": 20,
    "excess_fos_weight": 12.0,
    "underutilization_weight": 0.5,
    "envelope_stress_floor_ratio": 0.15,
    "seed": 2025
  },
  "constraint_config": {
    "min_factor_of_safety": 1.5,
    "max_deflection_in": null
  },
  "geometry": {
    "span_in": 8.0,
    "total_length_in": 9.0,
    "left_width_in": 1.5903595444632082,
    "mid_width_in": 0.38415941500677137,
    "right_width_in": 0.7912142051314321,
    "left_height_in": 0.7677949008672793,
    "mid_height_in": 0.40582970104491267,
    "right_height_in": 0.47876369785488415,
    "wall_thickness_in": 0.06485293884727111,
    "left_web_opening_ratio": 0.38680648254178535,
    "mid_web_opening_ratio": 0.5992672949720277,
    "right_web_opening_ratio": 0.43142833572338946
  },
  "metrics": {
    "weight_lbf": 0.045891187704650185,
    "min_factor_of_safety": 1.5004843706789757,
    "max_deflection_in": 0.08176416280024941,
    "governing_load_case": "Load Case 2",
    "governing_x_in": 4.0,
    "feasible": true,
    "objective": 0.209915663640998,
    "penalty": 0.0,
    "constraint_violations": []
  },
  "load_cases": [
    {
      "name": "Load Case 1",
      "orientation": "upright",
      "load_lbf": 5.0,
      "location_in": 4.0,
      "reaction_a_lbf": 2.5,
      "reaction_b_lbf": 2.5,
      "max_von_mises_psi": 1270.3549479331916,
      "max_von_mises_x_in": 4.0,
      "min_factor_of_safety": 1.8734921321573543,
      "min_factor_of_safety_x_in": 4.0,
      "max_deflection_in": 0.06612718682152072,
      "max_deflection_x_in": 4.21,
      "max_slope_rad": 0.024156411549922097
    },
    {
      "name": "Load Case 2",
      "orientation": "side",
      "load_lbf": 8.0,
      "location_in": 5.0,
      "reaction_a_lbf": 3.0,
      "reaction_b_lbf": 5.0,
      "max_von_mises_psi": 1586.1544755198215,
      "max_von_mises_x_in": 4.0,
      "min_factor_of_safety": 1.5004843706789757,
      "min_factor_of_safety_x_in": 4.0,
      "max_deflection_in": 0.08176416280024941,
      "max_deflection_x_in": 4.34,
      "max_slope_rad": 0.03011994914532412
    }
  ]
}