{
  "search_config": {
    "initial_samples": 1500,
    "refinement_rounds": 10,
    "elite_count": 30,
    "local_samples_per_elite": 60,
    "min_feasible_designs": 50,
    "excess_fos_weight": 0.0,
    "underutilization_weight": 0.0,
    "uniformity_weight": 0.0,
    "symmetry_weight": 0.0,
    "smoothness_weight": 0.0,
    "envelope_stress_floor_ratio": 0.15,
    "uniformity_case": "all",
    "uniformity_x_min_in": null,
    "uniformity_x_max_in": null,
    "mirror_profile": true,
    "seed": 2441
  },
  "constraint_config": {
    "min_factor_of_safety": 1.5,
    "max_deflection_in": null
  },
  "durability_config": {
    "min_web_ligament_in": 0.062,
    "min_shell_area_ratio": 0.04,
    "max_height_ratio": 10.0,
    "max_width_ratio": 10.0,
    "max_dim_slope_in_per_in": 0.8,
    "stress_concentration_limit": 25.0
  },
  "geometry": {
    "span_in": 8.0,
    "total_length_in": 9.0,
    "support_a_x_in": 0.5,
    "support_b_x_in": 8.5,
    "left_width_in": 0.22,
    "mid_width_in": 0.5867432291834546,
    "right_width_in": 0.22,
    "left_height_in": 0.3,
    "mid_height_in": 0.6756474464792024,
    "right_height_in": 0.3,
    "wall_thickness_in": 0.042770622562994486,
    "left_web_opening_ratio": 0.4087767196828971,
    "mid_web_opening_ratio": 0.6206609283913205,
    "right_web_opening_ratio": 0.4087767196828971
  },
  "metrics": {
    "weight_lbf": 0.020507944861675613,
    "min_factor_of_safety": 1.7803298090980237,
    "max_deflection_in": 0.09979414775452897,
    "governing_load_case": "Load Case 2",
    "governing_x_in": 5.9399999999999995,
    "feasible": true,
    "objective": 0.020507942713292336,
    "penalty": 0.0,
    "uniformity_score": 0.31079210211524433,
    "symmetry_score": 2.0258185603504503e-06,
    "smoothness_score": 0.07071892871717486,
    "durability_score": 0.0,
    "constraint_violations": [],
    "rank_score": 0.020507944861675613,
    "fos_3to7_mean": 2.409620025228102,
    "fos_3to7_std": 0.5485001293425572,
    "fos_3to7_range": 1.2810791507187038,
    "fos_3to7_min": 1.7803298090980237,
    "fos_3to7_max": 3.0614089598167276,
    "min_print_web_ligament_in": 0.06339650427466713,
    "min_shell_area_ratio": 0.1749083304149375,
    "max_web_opening_ratio": 0.6206609283913205,
    "max_dim_slope_in_per_in": 0.08347721032872357
  },
  "load_cases": [
    {
      "name": "Load Case 1",
      "orientation": "upright",
      "load_lbf": 5.0,
      "location_in": 4.0,
      "reaction_a_lbf": 2.5,
      "reaction_b_lbf": 2.5,
      "max_von_mises_psi": 600.1902882075368,
      "max_von_mises_x_in": 3.616875,
      "min_factor_of_safety": 3.965409049033182,
      "min_factor_of_safety_x_in": 3.616875,
      "max_deflection_in": 0.04980280478330036,
      "max_deflection_x_in": 4.5,
      "max_slope_rad": 0.02341425075400492
    },
    {
      "name": "Load Case 2",
      "orientation": "side",
      "load_lbf": 8.0,
      "location_in": 5.0,
      "reaction_a_lbf": 3.0,
      "reaction_b_lbf": 5.0,
      "max_von_mises_psi": 1336.8309556114154,
      "max_von_mises_x_in": 5.9399999999999995,
      "min_factor_of_safety": 1.7803298090980237,
      "min_factor_of_safety_x_in": 5.9399999999999995,
      "max_deflection_in": 0.09979414775452897,
      "max_deflection_x_in": 5.023124999999999,
      "max_slope_rad": 0.05473173585329154
    }
  ]
}