{
  "search_config": {
    "initial_samples": 360,
    "refinement_rounds": 4,
    "elite_count": 16,
    "local_samples_per_elite": 24,
    "min_feasible_designs": 25,
    "excess_fos_weight": 12.0,
    "underutilization_weight": 0.25,
    "uniformity_weight": 1.2,
    "symmetry_weight": 0.0,
    "smoothness_weight": 0.0,
    "envelope_stress_floor_ratio": 0.35,
    "uniformity_case": "all",
    "mirror_profile": true,
    "seed": 305
  },
  "constraint_config": {
    "min_factor_of_safety": 1.5,
    "max_deflection_in": null
  },
  "durability_config": {
    "min_web_ligament_in": 0.08,
    "min_shell_area_ratio": 0.18,
    "max_height_ratio": 2.4,
    "max_width_ratio": 2.4,
    "max_dim_slope_in_per_in": 0.25,
    "stress_concentration_limit": 10.0
  },
  "geometry": {
    "span_in": 8.0,
    "total_length_in": 9.0,
    "support_a_x_in": 0.5,
    "support_b_x_in": 8.5,
    "left_width_in": 0.3183481077736583,
    "mid_width_in": 0.46638364027011436,
    "right_width_in": 0.3183481077736583,
    "left_height_in": 0.6066771120491973,
    "mid_height_in": 0.47101499597222596,
    "right_height_in": 0.6066771120491973,
    "wall_thickness_in": 0.06072166854676225,
    "left_web_opening_ratio": 0.0,
    "mid_web_opening_ratio": 0.0,
    "right_web_opening_ratio": 0.0
  },
  "metrics": {
    "weight_lbf": 0.039828104982650714,
    "min_factor_of_safety": 1.7608258424309706,
    "max_deflection_in": 0.1105721987972505,
    "governing_load_case": "Load Case 2",
    "governing_x_in": 5.5,
    "feasible": true,
    "objective": 1.1813140489389018,
    "penalty": 0.0,
    "uniformity_score": 0.23140515852716084,
    "symmetry_score": 2.841319571843682e-07,
    "smoothness_score": 0.01015163344244966,
    "durability_score": 0.0,
    "constraint_violations": [],
    "rank_score": 0.8056797336191659,
    "fos_3to7_mean": 2.405770677076129,
    "fos_3to7_std": 0.42749663343527733,
    "fos_3to7_range": 1.6168019709318402,
    "fos_3to7_min": 1.7608258424309706,
    "fos_3to7_max": 3.377627813362811,
    "min_print_web_ligament_in": 0.17478582943935073,
    "min_shell_area_ratio": 0.45108877239677225,
    "max_web_opening_ratio": 0.0,
    "max_dim_slope_in_per_in": 0.03289678499922388
  },
  "load_cases": [
    {
      "name": "Load Case 1",
      "orientation": "upright",
      "load_lbf": 5.0,
      "location_in": 4.0,
      "reaction_a_lbf": 2.5,
      "reaction_b_lbf": 2.5,
      "max_von_mises_psi": 837.4218844561241,
      "max_von_mises_x_in": 4.5,
      "min_factor_of_safety": 2.842056129863057,
      "min_factor_of_safety_x_in": 4.5,
      "max_deflection_in": 0.05771753509504607,
      "max_deflection_x_in": 4.5,
      "max_slope_rad": 0.02105474804161734
    },
    {
      "name": "Load Case 2",
      "orientation": "side",
      "load_lbf": 8.0,
      "location_in": 5.0,
      "reaction_a_lbf": 3.0,
      "reaction_b_lbf": 5.0,
      "max_von_mises_psi": 1351.638499758844,
      "max_von_mises_x_in": 5.5,
      "min_factor_of_safety": 1.7608258424309706,
      "min_factor_of_safety_x_in": 5.5,
      "max_deflection_in": 0.1105721987972505,
      "max_deflection_x_in": 4.831875,
      "max_slope_rad": 0.04868838273792685
    }
  ]
}