{
  "search_config": {
    "initial_samples": 800,
    "refinement_rounds": 6,
    "elite_count": 24,
    "local_samples_per_elite": 45,
    "min_feasible_designs": 30,
    "excess_fos_weight": 0.05,
    "underutilization_weight": 0.2,
    "uniformity_weight": 0.0,
    "symmetry_weight": 0.0,
    "smoothness_weight": 0.0,
    "envelope_stress_floor_ratio": 0.15,
    "uniformity_case": "all",
    "uniformity_x_min_in": null,
    "uniformity_x_max_in": null,
    "mirror_profile": true,
    "seed": 2425
  },
  "constraint_config": {
    "min_factor_of_safety": 1.5,
    "max_deflection_in": null
  },
  "durability_config": {
    "min_web_ligament_in": 0.062,
    "min_shell_area_ratio": 0.06,
    "max_height_ratio": 6.0,
    "max_width_ratio": 6.0,
    "max_dim_slope_in_per_in": 0.5,
    "stress_concentration_limit": 15.0
  },
  "geometry": {
    "span_in": 8.0,
    "total_length_in": 9.0,
    "support_a_x_in": 0.5,
    "support_b_x_in": 8.5,
    "left_width_in": 0.28760846472367574,
    "mid_width_in": 0.5925683035379283,
    "right_width_in": 0.28760846472367574,
    "left_height_in": 0.5554878003146505,
    "mid_height_in": 0.6518995962956232,
    "right_height_in": 0.5554878003146505,
    "wall_thickness_in": 0.04,
    "left_web_opening_ratio": 0.5800873105411188,
    "mid_web_opening_ratio": 0.7387715688633233,
    "right_web_opening_ratio": 0.5800873105411188
  },
  "metrics": {
    "weight_lbf": 0.019996246986828163,
    "min_factor_of_safety": 1.6614622454703496,
    "max_deflection_in": 0.08507063866720221,
    "governing_load_case": "Load Case 2",
    "governing_x_in": 5.5,
    "feasible": true,
    "objective": 0.054717932244600025,
    "penalty": 0.0,
    "uniformity_score": 0.3192705438236639,
    "symmetry_score": 7.339904716360302e-07,
    "smoothness_score": 0.02529298433999738,
    "durability_score": 0.0,
    "constraint_violations": [],
    "rank_score": 0.019996246986828163,
    "fos_3to7_mean": 2.245633874408027,
    "fos_3to7_std": 0.4220879926516777,
    "fos_3to7_range": 1.2378490833105396,
    "fos_3to7_min": 1.6614622454703496,
    "fos_3to7_max": 2.899311328780889,
    "min_print_web_ligament_in": 0.07469821715400221,
    "min_shell_area_ratio": 0.1536576274896783,
    "max_web_opening_ratio": 0.7387715688633233,
    "max_dim_slope_in_per_in": 0.06776885306985037
  },
  "load_cases": [
    {
      "name": "Load Case 1",
      "orientation": "upright",
      "load_lbf": 5.0,
      "location_in": 4.0,
      "reaction_a_lbf": 2.5,
      "reaction_b_lbf": 2.5,
      "max_von_mises_psi": 725.2623383191059,
      "max_von_mises_x_in": 4.5,
      "min_factor_of_safety": 3.2815711974179904,
      "min_factor_of_safety_x_in": 4.5,
      "max_deflection_in": 0.04145986440494121,
      "max_deflection_x_in": 4.5,
      "max_slope_rad": 0.01663200162988964
    },
    {
      "name": "Load Case 2",
      "orientation": "side",
      "load_lbf": 8.0,
      "location_in": 5.0,
      "reaction_a_lbf": 3.0,
      "reaction_b_lbf": 5.0,
      "max_von_mises_psi": 1432.4731160690544,
      "max_von_mises_x_in": 5.5,
      "min_factor_of_safety": 1.6614622454703496,
      "min_factor_of_safety_x_in": 5.5,
      "max_deflection_in": 0.08507063866720221,
      "max_deflection_x_in": 4.91625,
      "max_slope_rad": 0.04123158588184436
    }
  ]
}