{
  "search_config": {
    "initial_samples": 800,
    "refinement_rounds": 6,
    "elite_count": 24,
    "local_samples_per_elite": 45,
    "min_feasible_designs": 30,
    "excess_fos_weight": 0.05,
    "underutilization_weight": 0.2,
    "uniformity_weight": 0.0,
    "symmetry_weight": 0.0,
    "smoothness_weight": 0.0,
    "envelope_stress_floor_ratio": 0.15,
    "uniformity_case": "all",
    "uniformity_x_min_in": null,
    "uniformity_x_max_in": null,
    "mirror_profile": true,
    "seed": 2425
  },
  "constraint_config": {
    "min_factor_of_safety": 1.5,
    "max_deflection_in": null
  },
  "durability_config": {
    "min_web_ligament_in": 0.062,
    "min_shell_area_ratio": 0.06,
    "max_height_ratio": 6.0,
    "max_width_ratio": 6.0,
    "max_dim_slope_in_per_in": 0.5,
    "stress_concentration_limit": 15.0
  },
  "geometry": {
    "span_in": 8.0,
    "total_length_in": 9.0,
    "support_a_x_in": 0.5,
    "support_b_x_in": 8.5,
    "left_width_in": 0.27474439145651586,
    "mid_width_in": 0.5996778577340536,
    "right_width_in": 0.27474439145651586,
    "left_height_in": 0.4745048809725219,
    "mid_height_in": 0.7056206284078707,
    "right_height_in": 0.4745048809725219,
    "wall_thickness_in": 0.04,
    "left_web_opening_ratio": 0.6189525509661755,
    "mid_web_opening_ratio": 0.6356429916103756,
    "right_web_opening_ratio": 0.6189525509661755
  },
  "metrics": {
    "weight_lbf": 0.020314514785239077,
    "min_factor_of_safety": 1.8445590223429777,
    "max_deflection_in": 0.08223334953619042,
    "governing_load_case": "Load Case 2",
    "governing_x_in": 5.5,
    "feasible": true,
    "objective": 0.06297748101019401,
    "penalty": 0.0,
    "uniformity_score": 0.33525699837479134,
    "symmetry_score": 9.762549550183425e-07,
    "smoothness_score": 0.034869905801487085,
    "durability_score": 0.0,
    "constraint_violations": [],
    "rank_score": 0.020314514785239077,
    "fos_3to7_mean": 2.4866230871202073,
    "fos_3to7_std": 0.5278400186223353,
    "fos_3to7_range": 1.276054905840265,
    "fos_3to7_min": 1.8445590223429777,
    "fos_3to7_max": 3.120613928183243,
    "min_print_web_ligament_in": 0.07516253926298602,
    "min_shell_area_ratio": 0.15647156177695734,
    "max_web_opening_ratio": 0.6356429916103756,
    "max_dim_slope_in_per_in": 0.07220743695058474
  },
  "load_cases": [
    {
      "name": "Load Case 1",
      "orientation": "upright",
      "load_lbf": 5.0,
      "location_in": 4.0,
      "reaction_a_lbf": 2.5,
      "reaction_b_lbf": 2.5,
      "max_von_mises_psi": 589.9135797081584,
      "max_von_mises_x_in": 4.5,
      "min_factor_of_safety": 4.034489257184809,
      "min_factor_of_safety_x_in": 4.5,
      "max_deflection_in": 0.03788140812204611,
      "max_deflection_x_in": 4.5,
      "max_slope_rad": 0.0160730550194423
    },
    {
      "name": "Load Case 2",
      "orientation": "side",
      "load_lbf": 8.0,
      "location_in": 5.0,
      "reaction_a_lbf": 3.0,
      "reaction_b_lbf": 5.0,
      "max_von_mises_psi": 1290.2812928029268,
      "max_von_mises_x_in": 5.5,
      "min_factor_of_safety": 1.8445590223429777,
      "min_factor_of_safety_x_in": 5.5,
      "max_deflection_in": 0.08223334953619042,
      "max_deflection_x_in": 4.95,
      "max_slope_rad": 0.04141704312722753
    }
  ]
}