{
  "search_config": {
    "initial_samples": 1500,
    "refinement_rounds": 10,
    "elite_count": 30,
    "local_samples_per_elite": 60,
    "min_feasible_designs": 50,
    "excess_fos_weight": 0.0,
    "underutilization_weight": 0.0,
    "uniformity_weight": 0.0,
    "symmetry_weight": 0.0,
    "smoothness_weight": 0.0,
    "envelope_stress_floor_ratio": 0.15,
    "uniformity_case": "all",
    "uniformity_x_min_in": null,
    "uniformity_x_max_in": null,
    "mirror_profile": true,
    "seed": 2440
  },
  "constraint_config": {
    "min_factor_of_safety": 1.5,
    "max_deflection_in": null
  },
  "durability_config": {
    "min_web_ligament_in": 0.062,
    "min_shell_area_ratio": 0.04,
    "max_height_ratio": 10.0,
    "max_width_ratio": 10.0,
    "max_dim_slope_in_per_in": 0.8,
    "stress_concentration_limit": 25.0
  },
  "geometry": {
    "span_in": 8.0,
    "total_length_in": 9.0,
    "support_a_x_in": 0.5,
    "support_b_x_in": 8.5,
    "left_width_in": 0.3325682248877868,
    "mid_width_in": 0.49770418578550313,
    "right_width_in": 0.3325682248877868,
    "left_height_in": 0.6010693856924577,
    "mid_height_in": 0.5918212339065384,
    "right_height_in": 0.6010693856924577,
    "wall_thickness_in": 0.04,
    "left_web_opening_ratio": 0.6859855112221322,
    "mid_web_opening_ratio": 0.5035072621275212,
    "right_web_opening_ratio": 0.6859855112221322
  },
  "metrics": {
    "weight_lbf": 0.02022689557835314,
    "min_factor_of_safety": 1.527387074858959,
    "max_deflection_in": 0.11247410417629096,
    "governing_load_case": "Load Case 2",
    "governing_x_in": 5.5,
    "feasible": true,
    "objective": 0.020226895535752788,
    "penalty": 0.0,
    "uniformity_score": 0.30433625428069605,
    "symmetry_score": 2.649488547104931e-07,
    "smoothness_score": 0.008234511417234152,
    "durability_score": 0.0,
    "constraint_violations": [],
    "rank_score": 0.02022689557835314,
    "fos_3to7_mean": 2.0504490099033688,
    "fos_3to7_std": 0.3601622014312501,
    "fos_3to7_range": 1.2370182937155856,
    "fos_3to7_min": 1.527387074858959,
    "fos_3to7_max": 2.7644053685745447,
    "min_print_web_ligament_in": 0.08181166838300735,
    "min_shell_area_ratio": 0.19857931137959953,
    "max_web_opening_ratio": 0.6859855112221322,
    "max_dim_slope_in_per_in": 0.03669688019954265
  },
  "load_cases": [
    {
      "name": "Load Case 1",
      "orientation": "upright",
      "load_lbf": 5.0,
      "location_in": 4.0,
      "reaction_a_lbf": 2.5,
      "reaction_b_lbf": 2.5,
      "max_von_mises_psi": 804.140618749865,
      "max_von_mises_x_in": 4.5,
      "min_factor_of_safety": 2.9596813598348026,
      "min_factor_of_safety_x_in": 4.5,
      "max_deflection_in": 0.050070997058447385,
      "max_deflection_x_in": 4.5,
      "max_slope_rad": 0.019221816069128764
    },
    {
      "name": "Load Case 2",
      "orientation": "side",
      "load_lbf": 8.0,
      "location_in": 5.0,
      "reaction_a_lbf": 3.0,
      "reaction_b_lbf": 5.0,
      "max_von_mises_psi": 1558.2166689604678,
      "max_von_mises_x_in": 5.5,
      "min_factor_of_safety": 1.527387074858959,
      "min_factor_of_safety_x_in": 5.5,
      "max_deflection_in": 0.11247410417629096,
      "max_deflection_x_in": 4.854375,
      "max_slope_rad": 0.05060253908708729
    }
  ]
}