{
  "search_config": {
    "initial_samples": 1200,
    "refinement_rounds": 8,
    "elite_count": 30,
    "local_samples_per_elite": 60,
    "min_feasible_designs": 40,
    "excess_fos_weight": 0.02,
    "underutilization_weight": 0.6,
    "uniformity_weight": 0.0,
    "symmetry_weight": 0.0,
    "smoothness_weight": 0.0,
    "envelope_stress_floor_ratio": 0.15,
    "uniformity_case": "all",
    "uniformity_x_min_in": null,
    "uniformity_x_max_in": null,
    "mirror_profile": true,
    "seed": 2432
  },
  "constraint_config": {
    "min_factor_of_safety": 1.5,
    "max_deflection_in": null
  },
  "durability_config": {
    "min_web_ligament_in": 0.062,
    "min_shell_area_ratio": 0.05,
    "max_height_ratio": 8.0,
    "max_width_ratio": 8.0,
    "max_dim_slope_in_per_in": 0.6,
    "stress_concentration_limit": 20.0
  },
  "geometry": {
    "span_in": 8.0,
    "total_length_in": 9.0,
    "support_a_x_in": 0.5,
    "support_b_x_in": 8.5,
    "left_width_in": 0.3317066170179885,
    "mid_width_in": 0.4947378363693596,
    "right_width_in": 0.3317066170179885,
    "left_height_in": 0.4998186998975967,
    "mid_height_in": 0.7907379360016965,
    "right_height_in": 0.4998186998975967,
    "wall_thickness_in": 0.04,
    "left_web_opening_ratio": 0.6421506710436177,
    "mid_web_opening_ratio": 0.6682955231298371,
    "right_web_opening_ratio": 0.6421506710436177
  },
  "metrics": {
    "weight_lbf": 0.019682458782664985,
    "min_factor_of_safety": 1.5980037172933133,
    "max_deflection_in": 0.09894642204472402,
    "governing_load_case": "Load Case 2",
    "governing_x_in": 5.5,
    "feasible": true,
    "objective": 0.1559846829105998,
    "penalty": 0.0,
    "uniformity_score": 0.39339869595478705,
    "symmetry_score": 4.969361991859399e-07,
    "smoothness_score": 0.017729543084710437,
    "durability_score": 0.0,
    "constraint_violations": [],
    "rank_score": 0.019682458782664985,
    "fos_3to7_mean": 2.1621621116367695,
    "fos_3to7_std": 0.41222596512275156,
    "fos_3to7_range": 1.1807692041893232,
    "fos_3to7_min": 1.5980037172933133,
    "fos_3to7_max": 2.7787729214826364,
    "min_print_web_ligament_in": 0.07511592002084791,
    "min_shell_area_ratio": 0.149381983435473,
    "max_web_opening_ratio": 0.6682955231298371,
    "max_dim_slope_in_per_in": 0.06464871913431125
  },
  "load_cases": [
    {
      "name": "Load Case 1",
      "orientation": "upright",
      "load_lbf": 5.0,
      "location_in": 4.0,
      "reaction_a_lbf": 2.5,
      "reaction_b_lbf": 2.5,
      "max_von_mises_psi": 590.9227725437704,
      "max_von_mises_x_in": 4.5,
      "min_factor_of_safety": 4.0275990545341696,
      "min_factor_of_safety_x_in": 4.5,
      "max_deflection_in": 0.03313182831698526,
      "max_deflection_x_in": 4.5,
      "max_slope_rad": 0.01388054320524842
    },
    {
      "name": "Load Case 2",
      "orientation": "side",
      "load_lbf": 8.0,
      "location_in": 5.0,
      "reaction_a_lbf": 3.0,
      "reaction_b_lbf": 5.0,
      "max_von_mises_psi": 1489.3582375585622,
      "max_von_mises_x_in": 5.5,
      "min_factor_of_safety": 1.5980037172933133,
      "min_factor_of_safety_x_in": 5.5,
      "max_deflection_in": 0.09894642204472402,
      "max_deflection_x_in": 4.888125,
      "max_slope_rad": 0.046144231660647295
    }
  ]
}