{
  "search_config": {
    "initial_samples": 1200,
    "refinement_rounds": 8,
    "elite_count": 30,
    "local_samples_per_elite": 60,
    "min_feasible_designs": 40,
    "excess_fos_weight": 0.02,
    "underutilization_weight": 0.6,
    "uniformity_weight": 0.0,
    "symmetry_weight": 0.0,
    "smoothness_weight": 0.0,
    "envelope_stress_floor_ratio": 0.15,
    "uniformity_case": "all",
    "uniformity_x_min_in": null,
    "uniformity_x_max_in": null,
    "mirror_profile": false,
    "seed": 2431
  },
  "constraint_config": {
    "min_factor_of_safety": 1.5,
    "max_deflection_in": null
  },
  "durability_config": {
    "min_web_ligament_in": 0.062,
    "min_shell_area_ratio": 0.05,
    "max_height_ratio": 8.0,
    "max_width_ratio": 8.0,
    "max_dim_slope_in_per_in": 0.6,
    "stress_concentration_limit": 20.0
  },
  "geometry": {
    "span_in": 8.0,
    "total_length_in": 9.0,
    "support_a_x_in": 0.5,
    "support_b_x_in": 8.5,
    "left_width_in": 0.3629669540709273,
    "mid_width_in": 0.5622334345576235,
    "right_width_in": 0.2,
    "left_height_in": 0.29953920215334306,
    "mid_height_in": 0.6138651855533171,
    "right_height_in": 0.4073814140897879,
    "wall_thickness_in": 0.04,
    "left_web_opening_ratio": 0.23194524419516416,
    "mid_web_opening_ratio": 0.6660777077350668,
    "right_web_opening_ratio": 0.42748550000547186
  },
  "metrics": {
    "weight_lbf": 0.01994162985652333,
    "min_factor_of_safety": 1.5100469626794315,
    "max_deflection_in": 0.11217967187346563,
    "governing_load_case": "Load Case 2",
    "governing_x_in": 5.5,
    "feasible": true,
    "objective": 0.13188862330673942,
    "penalty": 0.0,
    "uniformity_score": 0.30079407336065755,
    "symmetry_score": 0.07956363747728783,
    "smoothness_score": 0.04017900554998818,
    "durability_score": 0.0,
    "constraint_violations": [],
    "rank_score": 0.01994162985652333,
    "fos_3to7_mean": 2.1027132763513174,
    "fos_3to7_std": 0.5135154062505154,
    "fos_3to7_range": 1.450125604464571,
    "fos_3to7_min": 1.5100469626794315,
    "fos_3to7_max": 2.9601725671440025,
    "min_print_web_ligament_in": 0.0843090641497372,
    "min_shell_area_ratio": 0.17164339297851014,
    "max_web_opening_ratio": 0.6660777077350668,
    "max_dim_slope_in_per_in": 0.08049631879059405
  },
  "load_cases": [
    {
      "name": "Load Case 1",
      "orientation": "upright",
      "load_lbf": 5.0,
      "location_in": 4.0,
      "reaction_a_lbf": 2.5,
      "reaction_b_lbf": 2.5,
      "max_von_mises_psi": 757.357043503736,
      "max_von_mises_x_in": 4.5,
      "min_factor_of_safety": 3.142507249935228,
      "min_factor_of_safety_x_in": 4.5,
      "max_deflection_in": 0.05882452320294558,
      "max_deflection_x_in": 4.449375,
      "max_slope_rad": 0.02624108219905325
    },
    {
      "name": "Load Case 2",
      "orientation": "side",
      "load_lbf": 8.0,
      "location_in": 5.0,
      "reaction_a_lbf": 3.0,
      "reaction_b_lbf": 5.0,
      "max_von_mises_psi": 1576.109921625829,
      "max_von_mises_x_in": 5.5,
      "min_factor_of_safety": 1.5100469626794315,
      "min_factor_of_safety_x_in": 5.5,
      "max_deflection_in": 0.11217967187346563,
      "max_deflection_x_in": 5.146875,
      "max_slope_rad": 0.06163983610619816
    }
  ]
}